,title,price,area,subway_distance,address,price_per_sqm
0,塘边地铁口大复试押一付一无遮挡可短租地铁直达中山路火车站,1350.0,25.0,距1号线-火炬园383m,塘边社,54.0
1,集美学村精装修内饰风格简约舒心家具配置齐全拎包入住随时看房,1180.0,30.0,距1号线-集美学村1651m,集岑路7-206号自建房,39.333333333333336
2,实图实价，精装大单间，采光通风环境好，楼下就是塘边地铁,900.0,25.0,距1号线-火炬园383m,塘边社,36.0
3,翔鹭花城三期 2室2厅1卫  电梯房 精装修69平米,3000.0,69.76,距1号线-殿前1594m,翔鹭花城三期,43.0045871559633
4,软件园三期精装采光单间 近地铁BRT 可养宠物 拧包入住,880.0,15.0,距1号线-集美大道543m,"崎沟村(田头中,田头西)",58.666666666666664
5,吕厝地铁口冠宏花园旁东方巴黎广场朝南精装修1房一房民水民电,3080.0,50.0,距1号线-吕厝309m,东方巴黎广场,61.6
6,地铁口 真实出租 软三旁  边套大三房 业主急租 看房随时约,3600.0,107.87,距1号线-诚毅广场854m,中交和美新城(公寓住宅),33.37350514508204
7,软件园三期TOD地铁公寓 国企品质 配套齐全民水民电出行方便,1100.0,35.0,距1号线-集美软件园18m,软件园三期TOD地铁公寓,31.428571428571427
8,软三旁 精装复式大阳台 配电动车健身房 可养宠物送免租期,1280.0,45.0,距1号线-集美大道1168m,永祥新城,28.444444444444443
9,殿前村口公交站旁，有电梯 楼下就是公交站 拎包入住 免中间费,900.0,20.0,距1号线-殿前1024m,殿前社自建房,45.0
10,吕厝地铁口 客厅带阳台朝南 两房朝南 随时可以入住 看中可谈,3900.0,93.0,距1号线-吕厝121m,宝龙中心(二期),41.935483870967744
11,塘边社精装修榻榻米带独立大阳台采光通风好方便晾衣服可拎包入住,1300.0,15.0,距1号线-火炬园383m,塘边社,86.66666666666667
12,无中介，精装大单间，采光通风环境好，楼下就是安兜地铁,900.0,25.0,距1号线-火炬园1938m,枋湖工业小区11号楼,36.0
13,建发玺樾业主自住出租家具家电齐全可拎包入住,13000.0,186.08,距1号线-乌石浦1703m,建发玺樾,69.86242476354256
14,小东山自家房出租，精装家具齐全，拎包入住近公交地铁,1050.0,20.0,距1号线-火炬园1048m,小东山社自建房,52.5
15,集美新城，英才国际学校边 橡树湾三期边套精装三房周边配套齐全,3700.0,89.59,距1号线-杏锦路1379m,橡树湾(三期),41.299252148677304
16,塘边地铁口附近精装大单间家电齐全拎包入住采光好,980.0,200.0,距1号线-火炬园383m,塘边社,4.9
17,小东山地铁口阳光大单间带落地窗近SM大唐世家火炬广场玉晶科技,860.0,30.0,距1号线-火炬园1048m,小东山社自建房,28.666666666666668
18,官邸大厦 朝南2房 可做饭 三台空调 便宜租,1928.0,56.0,距1号线-莲坂611m,官邸大厦,34.42857142857143
19,地铁口万科小区性价比采光一室一厅多套出租步行华夏理工旺角软三,1200.0,42.0,距1号线-厦门北站982m,万科广场(商住楼),28.571428571428573
20,罗宾森二期 火车站BRT旁 正规一房一厅 奶油风 原相机拍摄,3699.0,53.32,距1号线-湖滨东路868m,罗宾森璀璨新城(二期),69.37359339834958
21,火车站旁 BRT沿线 闹中取静 自住精装二房 首租,3200.0,70.0,距1号线-莲坂836m,银河新村,45.714285714285715
22,集美软三旁 送一个月免租 精装复式大阳台 配电动车 压一付一,1280.0,45.0,距1号线-集美大道1168m,永祥新城,28.444444444444443
23,翔鹭花城(二期) 南北通透 精装修 家电齐全,3999.0,102.54,距1号线-殿前1616m,翔鹭花城(二期),38.999414862492685
24,湖里区殿前地铁口精装修独栋电梯公寓 采光通透配置齐全,1200.0,25.0,距1号线-殿前1024m,殿前社自建房,48.0
25,精装 三房两厅两卫 出租,3000.0,88.13,距1号线-殿前1791m,悦馨庄园,34.04062180869171
26,杏林桥头 园博苑地铁TOD 天境云著南北通透大3房 拎包入住,5800.0,115.34,距1号线-园博苑369m,天境云著,50.286110629443385
27,怡景花园 精装修 大两房两厅2卫 好楼层 随时看房,3200.0,83.35,距1号线-火炬园1031m,怡景花园,38.392321535692865
28,吕厝12号口 带十米大阳台 信和旁边 押一付一 民水点,3950.0,95.0,距1号线-吕厝184m,莲花大厦,41.578947368421055
29,集美学村石鼓路小区精装原木风采光大单间 设施齐全拎包入住,1650.0,30.0,距1号线-集美学村1860m,石鼓路145-185号小区,55.0
30,国贸天峯 精装修 4室2厅2卫 家电齐全,5900.0,128.51,距1号线-杏锦路355m,国贸天峯,45.91082406038441
31,杏林村地铁口两房一厅带阳台采光通风交通方便直达软三集美大悦城,1500.0,95.0,距1号线-杏林村452m,杏林村,15.789473684210526
32,塘边地铁口 精装公寓 阳台大单间采光好 配套齐全拎包入住,1300.0,20.0,距1号线-火炬园383m,塘边社,65.0
33,实图实价，精装大单间，采光通风环境好，楼下就是塘边地铁,1280.0,25.0,距1号线-火炬园383m,塘边社,51.2
34,殿前近地铁公交可步行鹭港万达直达集美学村SM城市广场镇海路,1500.0,86.0,距1号线-殿前1024m,殿前社自建房,17.441860465116278
35,国贸天峯，地铁口，业主全屋豪华自住装修，租，房子保养好,5500.0,128.51,距1号线-杏锦路355m,国贸天峯,42.79822581900242
36,火车站旁近罗宾森，精装独户复式朝南采光好，民水电押一付一,1800.0,20.0,距1号线-湖滨东路985m,铁道大厦,90.0
37,思明南路402号小区 精装修 3室2厅1卫 通风好,4000.0,90.0,距1号线-镇海路1555m,思明南路402号小区,44.44444444444444
38,官邸大厦复式楼 正规一房一厅 大阳台,3200.0,37.04,距1号线-莲坂611m,官邸大厦,86.39308855291577
39,新出乌石浦地铁口，乌石浦花园花园一期轻松精装一房出租随时看房,3980.0,60.0,距1号线-乌石浦518m,乌石浦花园(一期),66.33333333333333
40,无中介）一房一厅地铁杏林园博苑万科里软件园,1280.0,20.0,距1号线-杏林村452m,杏林村,64.0
41,龙湖春江郦城 精装2房出租 软三旁 地铁口杏锦路 近大悦城,2400.0,60.09,距1号线-杏锦路841m,龙湖春江郦城(一期),39.9400898652022
42,吕厝双地铁口 正规三房两卫 客厅带阳台朝南 看中可谈 急租,4200.0,117.35,距1号线-吕厝121m,宝龙中心(二期),35.790370685982104
43,翔鹭花城三期 3室2厅2卫  电梯房 102平米,4000.0,102.88,,翔鹭花城三期,38.88024883359254
44,万科精装三房 保养好家具齐全 拎包入住 带电梯朝南 近地铁,3300.0,88.81,距1号线-园博苑1146m,万科金域华府(二期),37.157977705213376
45,地铁口！带车位！极简奶油风！楼下就是商超~无风雨归家~可大刀,4300.0,87.46,距1号线-杏锦路344m,住宅水晶地铁公元,49.16533272353076
46,地铁口，万科物业，之前是业主自己住的，北站商圈,2800.0,110.45,距1号线-厦门北站881m,万科广场,25.35083748302399
47,地铁口性价比万科小区四房带阳台北站旁直达软三旺角华夏理工,3500.0,135.83,距1号线-厦门北站881m,万科广场,25.76750349701833
48,万科金域华府(二期) 3室2厅1卫,3200.0,89.0,距1号线-园博苑1146m,万科金域华府(二期),35.95505617977528
49,塘边地铁口附近精装房家电齐全拎包入住采光好,1100.0,300.0,距1号线-火炬园383m,塘边社,3.6666666666666665
50,集美 龙湖春江郦城 4室2厅2卫 价格可谈 随时看房,3900.0,126.61,距1号线-杏锦路841m,龙湖春江郦城(一期),30.80325408735487
51,火炬园地铁口附近路边不进村公寓出租家电齐全拎包入住采光通风,900.0,15.5,距1号线-火炬园290m,马垅社,58.064516129032256
52,集美高品质社区 英才旁 门口公园 空中大平层 自住保养 新出,13000.0,214.59,距1号线-杏林村477m,园博1号(公寓住宅),60.58064215480684
53,（无中介）两房一厅双阳台地铁旁杏林园博苑万科里软件园三期,1580.0,70.0,距1号线-杏林村452m,杏林村,22.571428571428573
54,火炬园 塘边 精装修 阳光大单间 榻榻米 无遮挡 可拎包,900.0,13.0,距1号线-火炬园383m,塘边社,69.23076923076923
55,大悦城楼下！出门就是1号地铁！看中可谈！奶油风！多套好房可看,5200.0,110.68,距1号线-官任433m,中粮云玺壹号,46.982291290206
56,莲花龙山中路2房二厅高装可配全套南北通透，业主诚意出租有锁,2900.0,72.0,距1号线-吕厝1556m,"龙山中路67,85号小区",40.27777777777778
57,杏林村口不进村 采光通风都很好 出行方便快捷家具齐全拎包入住,1100.0,20.0,距1号线-杏林村452m,杏林村,55.0
58,软件园三期集美大道地铁口小区单间，交通便利，周边配套设施齐全,900.0,35.0,距1号线-集美大道566m,珩崎一里小区,25.714285714285715
59,集美软三旁龙湖春江郦城 一房一厅出租 地铁口近大悦城 杏锦路,1800.0,50.0,距1号线-杏锦路841m,龙湖春江郦城(一期),36.0
60,南北通透采光好！小区静谧绿化好，近园博学校，大悦城只需一公里,3688.0,124.94,距1号线-杏锦路418m,中航城国际社区(A区A02地块),29.518168720986075
61,无中介莲坂江头地铁口磐基新景明发商圈多套房屋出租1999起,1999.0,60.0,距1号线-莲坂360m,新景数码港,33.31666666666667
62,湖滨三里三区，91平，3房2卫，业主自装，拎包入住,6000.0,91.0,距1号线-湖滨东路459m,湖滨三里三区,65.93406593406593
63,杏锦 杏林 园博苑 软三 大悦城 奶油风一室一厅带露台无遮挡,1050.0,185.0,距1号线-杏林村452m,杏林村,5.675675675675675
64,地铁口 真实出租 业主自住 手次出租 边套 大俩房 看房随时,3300.0,88.8,距1号线-杏锦路1376m,橡树湾(一二期),37.16216216216216
65,火车站，东坪花园两房一厅 看房方便 实图实价,4500.0,80.89,距1号线-莲坂1417m,东坪花园(一期),55.631103968352086
66,集美软三ab小区房诚毅地铁口官任大悦城精装大单间拎包入住,1000.0,21.0,距1号线-诚毅广场746m,中交和美新城,47.61904761904762
67,成熟生活社区，交通便捷,2300.0,90.0,距1号线-殿前1806m,西埭公寓,25.555555555555557
68,建发玺樾精装大四房住着也太舒服吧8000起,8000.0,131.36,距1号线-乌石浦1703m,建发玺樾,60.90133982947624
69,集美龙湖春江郦城 欧式风格 4房出租 近大悦城 地铁口杏锦路,4700.0,126.61,距1号线-杏锦路841m,龙湖春江郦城(一期),37.121870310402024
70,禹洲商住楼，闽篮超市楼上，适合工作室，看房方便。,3000.0,70.0,距1号线-园博苑1513m,禹洲中央海岸(商住楼),42.857142857142854
71,集美龙湖春江郦城 欧式风格 4房出租 近大悦城 地铁口杏锦路,4700.0,126.61,距1号线-杏锦路841m,龙湖春江郦城(一期),37.121870310402024
72,仙洞山庄 3室2厅1卫  95平米,3000.0,95.44,距1号线-塘边1410m,仙洞山庄,31.43336127409891
73,天境云著 四房三卫 精装修 保养好 大平层 楼下直通地铁,12000.0,166.06,距1号线-园博苑369m,天境云著,72.26303745634108
74,银江路118-122号小区 南北通透 急租房源 拎包入住,2600.0,112.16,距1号线-集美学村1625m,银江路118-122号小区,23.1811697574893
75,价急租新景天湖对面 欧式豪装大三房双卫 能押一付一 民水电,5500.0,140.0,距1号线-吕厝776m,明发豪庭,39.285714285714285
76,（无中介）官任一期两室两厅两卫，精装修，领包入住,4200.0,80.0,距1号线-官任449m,官任豪庭一期,52.5
77,杏林桥头近地铁 金域华府 通透4房出租 一梯一户 安静不吵,3800.0,141.76,距1号线-园博苑1504m,万科金域华府(一期),26.8058690744921
78,火车站 东坪山，多套一房，两房，三房，毛坯装修可预定风格,3500.0,60.0,距1号线-莲坂1931m,东坪安置房小区(一组团),58.333333333333336
79,中航城c区大横厅两房 民水民电  靠软三杏林湾 有钥匙,2600.0,64.97,距1号线-官任1227m,中航城国际社区(C区北区),40.01847006310605
80,业主第一次出租 精装三房带电梯 双阳台 拎包入住 紧邻地铁口,3300.0,88.81,距1号线-园博苑1146m,万科金域华府(二期),37.157977705213376
81,视野无遮挡 一级能耗 3房一卫,2600.0,92.73,距1号线-厦门北站881m,万科广场,28.03839102771487
82,厦大 博物馆 元初附近 独栋3层 4房出租,6000.0,100.0,距1号线-镇海路1174m,思明南路378-3号小区,60.0
83,Sm商圈 乌石浦花园一期 奶油风 落地窗两房两厅 缺啥配啥,5200.0,88.0,距1号线-乌石浦518m,乌石浦花园(一期),59.09090909090909
84,湖景大四房！现代轻奢奶油风~拎包入住 保养新 业主人非常好！,5000.0,136.75,距1号线-杏林村482m,中航城国际社区(A区B01地块公寓),36.56307129798903
85,天境云著 240平大平层湖海双景,18000.0,240.0,距1号线-园博苑369m,天境云著,75.0
86,万科里复式两室两卫公寓包物业费出租 壁柜多好收纳 朝南 急租,2300.0,42.0,距1号线-园博苑1248m,万科里,54.76190476190476
87,大阳台一室一厅  步行磐基中心  台湾街  直达软二  莲坂,1400.0,30.0,距1号线-吕厝220m,豪峰大厦,46.666666666666664
88,集美杏林联发杏林湾一号  豪装海景房保养新拎包入住,4800.0,118.0,距1号线-园博苑1579m,联发杏林湾一号(二三期),40.67796610169491
89,集美杏林大悦城官任西客明软件园三期精装低价带露台大复式大单间,500.0,23.5,距1号线-杏锦路1474m,内林村,21.27659574468085
90,江头公园旁 东方威尼斯 电梯精美3房 实惠出租,3800.0,92.93,距1号线-乌石浦683m,东方威尼斯,40.890993220703756
91,地铁口，包物业，押一付一，万科物业,1500.0,39.0,距1号线-厦门北站982m,万科广场(商住楼),38.46153846153846
92,莲花流芳里三房低楼层位置好，清爽干净，宜商宜住,3400.0,85.0,距1号线-吕厝856m,流芳里1-65号小区,40.0
93,大学路 蜂巢山路公厕附近 南北向 大两房出租,3000.0,70.74,,中埔头小区,42.40882103477524
94,地铁口，包物业，家具可以全配，同事可以在一起住，,3500.0,136.77,距1号线-厦门北站881m,万科广场,25.590407253052568
95,低楼层 有钥匙 价格可谈 2房 南山路 禹洲新村,2500.0,66.94,距1号线-塘边785m,禹洲新村,37.346877801015836
96,英才商厦 2室1厅1卫 急租房源 电梯房,2900.0,48.03,距1号线-文灶88m,英才商厦,60.378929835519465
97,无中介 火炬园地铁口 马路边不进村 单间带阳台卫生间干湿分离,1200.0,36.0,距1号线-火炬园544m,嘉禾路582号楼,33.333333333333336
98,东方巴黎广场 南北通透 急租房源 电梯房,5500.0,185.52,距1号线-吕厝309m,东方巴黎广场,29.646399310047432
99,联排别墅 4层 带花园 6房 兴隆路 博士山庄,12000.0,193.0,距1号线-火炬园1109m,富豪花园,62.17616580310881
100,火车站旁 精装复式一房一厅 多套多户型可选,1400.0,45.0,距1号线-莲坂876m,东坪山路1333号商业,31.11111111111111
101,"高崎机场旁中埔地铁口精装公寓配
套齐全采光极好近公交好停车",1100.0,8.0,距1号线-高崎243m,中埔村,137.5
102,集美新城 橡树湾地铁口 英才国际学校边 精装两房出租,2900.0,88.65,距1号线-杏锦路1376m,橡树湾(一二期),32.71291596164692
103,软三旁地铁口，珩崎三里小区独门独户一房一厅出租,2899.0,62.0,距1号线-集美大道483m,珩崎三里小区,46.75806451612903
104,价 押一付一江头公园边上 独门独户 正规一房一厅 民水电,2900.0,60.0,距1号线-乌石浦485m,国宝新城,48.333333333333336
105,火车站 假日花园 电梯三房 朝南阳台 看小区 安静,4200.0,79.54,距1号线-莲坂813m,假日花园,52.803620819713345
106,禾祥西 豆仔尾路 光华大厦 民水民电 独门独户 单间可做饭,1400.0,30.0,距1号线-中山公园1315m,豆仔尾路320号楼,46.666666666666664
107,火车站 海峡天璟 双主卧 三房三卫 健身瑜伽 拎包入住 好谈,7600.0,144.22,距1号线-莲坂877m,海峡国际天璟,52.697268062682014
108,杏林桥头新出 婚房出租 精装三房两卫 好停车60一个月,3450.0,134.39,距1号线-园博苑1217m,金海湾,25.671552942927303
109,镇海路，地铁口，鸿图大厦 2室1厅1卫，带电梯，精装修，,4500.0,64.0,距1号线-镇海路225m,鸿图大厦,70.3125
110,地铁口 自住国贸高品质三房 可按自己喜欢的配置 看房随时约,3400.0,105.0,距1号线-杏锦路854m,国贸天悦(一期),32.38095238095238
111,安兜地铁口附近精装阳光复式 家电齐全采光极好楼下停车方便,1000.0,30.0,距1号线-火炬园1842m,"枋湖工业小区7,9号楼",33.333333333333336
112,无中介，精装大单间，采光通风环境好，楼下就塘边地铁,900.0,25.0,距1号线-火炬园383m,塘边社,36.0
113,可短租，火车站，地铁口，BRT，世贸国际，罗宾森二期，多套,2700.0,56.14,距1号线-湖滨东路800m,禹洲世贸国际,48.09405058781617
114,湖滨南路 港务局宿舍 电梯二房 十一中对面 陪读 看房方便,3300.0,72.0,距1号线-中山公园1583m,港务局宿舍(湖滨南路),45.833333333333336
115,厦大华侨博物馆  华侨中学旁  南北两房  有钥匙,2000.0,70.0,,"厦港新村1-41(单号),2-24(双号)号小区",28.571428571428573
116,世纪嘉园(东区) 2室1厅1卫  45平米,2500.0,45.78,距1号线-火炬园1007m,世纪嘉园(东区),54.608999563128
117,火炬园地铁旁 永升新城拎包入住2房 业主急租，随时看房,2600.0,71.12,距1号线-火炬园608m,永升新城,36.55793025871766
118,双地铁口 大唐世家六期 楼中楼跃3层  有露台,6200.0,150.51,距1号线-塘边788m,湖里大唐世家(六期),41.193276194272805
119,松柏高中部和二小旁，屿后里小区2房2厅,2680.0,62.0,距1号线-吕厝522m,屿后里小区北2,43.225806451612904
120,江头 地铁口 吕岭花园 居家3房 楼层5楼 随时入住 看房方,3400.0,82.26,距1号线-吕厝1641m,吕岭花园,41.33236080719669
121,江头小学旁，低楼层，看小区中庭，标准2房，厅带阳台朝南,2600.0,68.0,距1号线-吕厝977m,江浦南里,38.23529411764706
122,博物馆华侨中学旁 厦港花园边 2房出租,2800.0,44.45,距1号线-镇海路1387m,省四建宿舍(厦港新村),62.99212598425196
123,火炬园地铁旁 永升新城低楼层 拎包入住大三房业主急租随时看房,3400.0,134.12,距1号线-火炬园608m,永升新城,25.350432448553534
124,禹洲新村 3室2厅2卫  108平米,3800.0,108.27,距1号线-塘边785m,禹洲新村,35.097441581232104
125,三个大阳台，正面看湖景房，四个房间很明亮槟榔 楼下南湖公园,9000.0,169.04,距1号线-湖滨东路545m,南湖中祥大厦,53.24183625177473
126,假日花园旁 颐景苑 南北通透正规两房 阳台朝南,3300.0,85.3,距1号线-莲坂733m,颐景苑,38.68698710433763
127,思明北路BTR六中附近二楼正规一房一厅出租,1500.0,30.0,距1号线-镇海路1051m,"打索埕巷21,27-99号小区",50.0
128,南山路 禹洲新村 2房 低楼层出租 干净舒适 配套齐全 钥匙,2500.0,66.94,距1号线-塘边785m,禹洲新村,37.346877801015836
129,新上带13米朝南大阳台，看房方便，南湖公园槟榔地铁口,7200.0,134.5,距1号线-湖滨东路545m,南湖中祥大厦,53.531598513011154
130,火车站附近 时尚国际旁 电梯两房 南北通透,3300.0,70.0,距1号线-莲坂1269m,浦南安置房,47.142857142857146
131,镇海路地铁口 妇幼旁 2房出租,2800.0,66.56,距1号线-镇海路146m,镇海馨香苑,42.06730769230769
132,民族路沙坡尾碧山路独栋小别墅带屋顶,2400.0,70.0,距1号线-镇海路1074m,打石市街1-56号小区,34.285714285714285
133,火车站附近禹州世贸精装大户型一房一厅，民水民电，拎包入住,3200.0,59.4,距1号线-湖滨东路800m,禹洲世贸国际,53.872053872053876
134,"软三旁地铁口 西客明珠 两房一厅奶油风
民水电包物业 停车",3099.0,5000.0,距1号线-集美大道892m,珩崎西里,0.6198
135,万科金域华府(二期) 4室2厅2卫,4200.0,125.5,距1号线-园博苑1146m,万科金域华府(二期),33.46613545816733
136,海峡天璟 高层三房两卫 南北 看房方便 火车站万象城新楼盘,7500.0,129.64,距1号线-莲坂877m,海峡国际天璟,57.85251465597039
137,银龙广场 通风好 急租房源 拎包入住,2200.0,37.03,距1号线-文灶462m,银龙广场,59.4112881447475
138,新出 江头吕厝地铁口一二号 冠宏花园 3房2厅2卫精装修电梯,5200.0,125.44,距1号线-吕厝69m,冠宏花园,41.454081632653065
139,楼下乌石浦地铁 s.m商圈 电梯2房干净采光好 拎包入住有锁,2900.0,52.68,距1号线-乌石浦154m,龙门天下,55.04935459377373
140,翔鹭花城(二期) 2室2厅1卫  电梯房 68平米,2800.0,68.0,,翔鹭花城(二期),41.1764705882353
141,思明北路BTR六中大同路附近三楼一房一卫外带阳台出租,1500.0,18.0,距1号线-中山公园958m,养真宫巷1-32号小区,83.33333333333333
142,民族路碧山路博物馆车站附近一房一厅独卫带露台出租,1300.0,25.0,距1号线-镇海路826m,碧山路自建房,52.0
143,火车站禹州世贸精装修一房一厅，民水民电，拎包入住，可押一付一,3200.0,52.45,距1号线-湖滨东路800m,禹洲世贸国际,61.01048617731172
144,莲坂国贸旁 源昌商业中心 楼中楼 客厅挑空,5500.0,97.83,距1号线-莲坂602m,源昌商业中心,56.21997342328529
145,独门独户莲坂地铁口裕发广场精装一房一厅民水民电 拎包入住,2600.0,35.82,距1号线-莲坂132m,裕发广场,72.58514796203238
146,朝南两房出租 厅带阳台 明厨明卫 有天然气 电梯高层 地铁口,3800.0,78.0,距1号线-文灶333m,城市花园,48.717948717948715
147,精装复式公寓厦门火车站BRT路口可做饭随时看房拎包入住,1800.0,5000.0,距1号线-莲坂876m,东坪山路1333号商业,0.36
148,SM旁天成花园正规两房一厅，信息学校附近,2800.0,70.0,距1号线-乌石浦681m,天成花园(湖里),40.0
149,南北通透 1室0厅 京华大厦 精装修,2000.0,30.0,距1号线-莲坂593m,京华大厦,66.66666666666667
150,莲岳里    正规2房诚意出租可以过来看看,2500.0,70.0,距1号线-莲花路口1246m,莲岳里小区,35.714285714285715
151,江头地铁口 精装3房 4楼 家具齐全 拎包入住 随时可以入住,3900.0,92.44,距1号线-吕厝1641m,吕岭花园,42.18952834270878
152,乌石浦地铁江头三小旁 电梯朝南2房 家电新换拎包入住干净有锁,3000.0,70.64,距1号线-乌石浦403m,中铁财富港湾,42.46885617214043
153,博物馆 成功大道旁 低楼层 两房一厅出租,1900.0,45.0,距1号线-镇海路974m,围仔内巷1-52号自建房,42.22222222222222
154,江头公园旁三小旁电梯大3房2卫南北通透采光通风好一手房 有锁,3600.0,123.0,距1号线-乌石浦463m,江华里22-27号小区,29.26829268292683
155,不见天 带露台出租三房 南北通透 急租房源 看房方便,2800.0,100.0,距1号线-镇海路1753m,不见天,28.0
156,自家房 龙山文创园精装两房一厅带电梯 卧龙晓城BRT 民水电,2000.0,500.0,距1号线-吕厝1438m,"龙山南路24-8,9号小区",4.0
157,流芳里1-65号小区 南北通透 精装修 拎包入住,3800.0,97.81,距1号线-吕厝856m,流芳里1-65号小区,38.85083324813414
158,大四房自住装修带露台高档小区,5100.0,126.4,距1号线-塘边1806m,东海山庄,40.348101265822784
159,十一中中学，教科院附属小学旁标准2房,2600.0,65.0,距1号线-中山公园1645m,糖酒小区,40.0
160,万象城旁罗宾森广场精装修2房2卫，带独立小书房，大阳台采光好,5400.0,101.99,距1号线-湖滨东路728m,罗宾森璀璨新城(一期),52.94636729091088
161,宝华花园(思明) 2室1厅1卫 急租房源 电梯房,3000.0,46.18,距1号线-吕厝199m,宝华花园(思明),64.963187527068
162,（新出！电梯3房！）建发品质！中山医院旁！南北通透！安静！,5000.0,100.21,距1号线-文灶634m,汇禾新城,49.89522003792037
163,东晖广场 1室1厅1卫 家电齐全 电梯房 拎包入住 精装修,2900.0,43.76,距1号线-塘边1920m,东晖广场,66.27056672760513
164,万科广场 阳光充足 4室2厅2卫 精装修,3500.0,131.66,距1号线-厦门北站881m,万科广场,26.583624487315813
165,吕厝双地铁口旁 花园式小区看公园湖景 永升花园 电梯高层,6288.0,124.81,距1号线-吕厝285m,永升花园,50.380578479288516
166,整租|(好房推荐)温馨居家推荐家电齐全 拎包入,1500.0,20.0,距1号线-镇海路1614m,建发宿舍,75.0
167,业主自住型精装修 电梯朝南两房 大阳台，可拎包入住 BRT,3200.0,48.41,距1号线-湖滨东路679m,紫荆园,66.10204503201818
168,华天花园精装一房一厅，房子非常漂亮，有性价比,3500.0,56.43,距1号线-莲花路口179m,华天花园,62.02374623427255
169,乌石浦地铁口旁 天宝大厦 电梯正规1房1厅带天然气厨房阳台,1650.0,27.87,距1号线-乌石浦422m,天宝大厦,59.20344456404736
170,永升新城 3室2厅2卫  电梯房 精装修113平米,4200.0,113.0,距1号线-火炬园608m,永升新城,37.16814159292036
171,豪装小两房出租，寻找爱干净的租户，毗邻莲花公园,2500.0,45.58,距1号线-吕厝699m,玉亭里15-42号小区,54.848617814831066
172,新出  聚祥广场     朝南三房   随时看房,6300.0,137.73,距1号线-文灶695m,聚祥广场,45.74166848181225
173,sm地铁口，精装修小两房，拎包入住，出租,3700.0,53.79,距1号线-乌石浦485m,国宝新城,68.78601970626511
174,乌石浦地铁口旁 天宝大厦 电梯正规1房1厅带阳台 民水民电,1550.0,29.0,距1号线-乌石浦422m,天宝大厦,53.44827586206897
175,塘边地铁站附近精装房家电齐全拎包入住采光好直达sm明发火车站,900.0,20.0,距1号线-火炬园383m,塘边社,45.0
176,台湾街华永天地旁嘉盛花园小区朝南全明格局正规一房一厅民水民电,3080.0,56.48,距1号线-乌石浦841m,嘉盛花园(湖里),54.53257790368272
177,华永天地 2室1厅1卫,2500.0,56.0,距1号线-吕厝787m,华永天地,44.642857142857146
178,精装大单间带阳台可做饭厦门火车站BRT路口随时看房。拎包入住,1990.0,5000.0,距1号线-莲坂876m,东坪山路1333号商业,0.398
179,明发旁 莲坂地铁口 精装修文化大厦一房一厅 朝南采光好,3200.0,54.59,距1号线-莲坂25m,厦门国际文化大厦,58.61879465103498
180,阳光百合，精装三房一厅两卫，房子非常漂亮，有性价比,5500.0,95.06,距1号线-莲坂1000m,阳光百合,57.85819482432148
181,塘边地铁旁，房间采光通风很好，明亮透彻，价格实惠,1200.0,20.0,距1号线-火炬园383m,塘边社,60.0
182,北站万科大都荟 复式两室精装修 信息真实 周边有商圈,2200.0,40.56,距1号线-厦门北站982m,万科广场(商住楼),54.24063116370808
183,太子山庄 阳光充足 3室2厅1卫 精装修,4600.0,87.28,距1号线-将军祠336m,太子山庄,52.70394133822182
184,SM旁，天成花园小区正规单身公寓,1600.0,30.0,距1号线-乌石浦681m,天成花园(湖里),53.333333333333336
185,吕厝乌石浦地铁口，电梯小两房，便宜出租,2800.0,51.7,距1号线-乌石浦154m,龙门天下,54.15860735009671
186,石鼓路四房两厅两卫出租,2700.0,130.0,距1号线-集美学村1860m,石鼓路145-185号小区,20.76923076923077
187,金榜小学旁 自然家园 南北通透两房,3200.0,54.34,距1号线-莲坂1034m,自然家园,58.88847994111152
188,莲坂，莲花，地铁口，多套一房一厅出租，拎包入住,3500.0,55.85,距1号线-莲花路口179m,华天花园,62.66786034019695
189,乌石浦地铁口旁 天宝大厦 电梯正规1房1厅带阳台 民水民电,1500.0,26.44,距1号线-乌石浦422m,天宝大厦,56.732223903177
190,明发旁 磐基旁 莲花路口地铁站 华天花园 精装修一房一厅,3500.0,60.0,距1号线-莲花路口179m,华天花园,58.333333333333336
191,吕厝地铁口，电梯两房，客厅带阳台，带小区,3600.0,66.61,距1号线-吕厝398m,英皇湖畔花苑,54.04593904819096
192,精装公寓出租，塘边地铁站附近精装复式家电设施齐全拎包入住,900.0,20.0,距1号线-火炬园383m,塘边社,45.0
193,塘边地铁站附近精装房家电齐全拎包入住采光好直达sm明发火车站,900.0,20.0,距1号线-火炬园383m,塘边社,45.0
194,假日双星楼台 阳光充足 急租房源 拎包入住,3900.0,53.8,距1号线-文灶305m,假日双星楼台,72.49070631970261
195,磐基明发莲坂，华天花园，火车站万象城附近，精装一房一厅,3500.0,56.43,距1号线-莲花路口179m,华天花园,62.02374623427255
196,金榜公园brt站 文灶地铁口 电梯小区独门独户 精装单身公寓,2000.0,35.46,距1号线-文灶462m,银龙广场,56.40157924421884
197,禹州世贸精装三房两厅两卫房子很漂亮，很有性价比,5200.0,109.74,距1号线-湖滨东路800m,禹洲世贸国际,47.38472753781666
198,sm城市广场旁 裕兴花园 电梯正规精美1房1厅  实惠出租,2000.0,40.0,距1号线-塘边903m,裕兴花园,50.0
199,城立方精装两房一厅三卫，房子非常漂亮，很有性价比,4600.0,71.14,距1号线-莲坂511m,城立方,64.66123137475401
200,城立方精装两房一厅三卫，房子非常漂亮，很有性价比,4600.0,70.28,距1号线-莲坂511m,城立方,65.45247581104155
201,天宝大厦 正规一房一厅 拎包入住,2999.0,48.66,距1号线-乌石浦422m,天宝大厦,61.631730374023846
202,百脑汇，禹州广场，禾祥西，正规一房，押一付一，可做饭,1650.0,25.0,距1号线-文灶1678m,湖滨南路46-52号小区,66.0
203,边套正规大四房。南北通透，居家自住精装。城毅旁，地铁口,4400.0,127.0,距1号线-杏锦路841m,龙湖春江郦城(一期),34.645669291338585
204,真实在租 门口吕厝8号口 温馨舒适 精装修 拎包入住智能密码,3999.0,86.0,距1号线-吕厝69m,冠宏花园,46.5
205,江头公园旁江头三小对面 交通方便 南北通透正规2房采光好有锁,2800.0,80.0,距1号线-乌石浦463m,江华里22-27号小区,35.0
206,华荣路地铁口 马路边不进村 楼下有停车场 家具齐全 拎包入住,1580.0,500.0,距1号线-火炬园703m,华光路12号楼,3.16
207,央著品质 大户型143平 外国语门口 定制橱柜 拎包入住,6200.0,143.55,距1号线-诚毅广场1351m,建发央著(二期),43.19052594914663
208,火炬园塘边地铁口自家装修温馨原木风大单间采光佳可拎包压一付一,1100.0,18.0,距1号线-火炬园383m,塘边社,61.111111111111114
209,中航城A区 家电齐全 精装修 采光好 边套大四房 看房有密码,5200.0,151.32,距1号线-杏锦路500m,中航城国际社区(A区A01地块),34.36426116838488
210,拎包入住 地铁口 复试边套大四房 南北通透 家私家电齐全,6000.0,163.88,距1号线-杏锦路643m,中航城国际社区(A区A03地块公寓),36.6121552355382
211,整租|(好房推荐)温馨居家推荐家电齐全 拎包入住 随时可看,1400.0,20.0,距1号线-镇海路1614m,建发宿舍,70.0
212,禹洲中央海岸二期大两房1出租 卫生已做 拎包入住 地铁口,2900.0,94.44,距1号线-园博苑1270m,禹洲中央海岸(二期),30.707327403642527
213,江头公园旁，居家装修大三房，南北双阳台，高层采光好,5480.0,139.21,距1号线-乌石浦582m,水岸豪景,39.3649881474032
214,新金花园地铁2号线江头正规三房出租南北通透,3500.0,135.3,距1号线-吕厝1229m,新金花园,25.868440502586843
215,厦大西村 顶澳仔 1房1厅 出租,2000.0,35.0,距1号线-镇海路1675m,顶澳仔小区,57.142857142857146
216,莲坂磐基奶油中古风大两房～带大阳台看落日晚霞,5200.0,60.0,距1号线-莲坂612m,莲坂新村小区(一区),86.66666666666667
217,金岭花园带电梯两房，地处地铁2号线江头站地铁口,2800.0,79.3,距1号线-吕厝1265m,金岭花园,35.30895334174023
218,地铁口，电梯房，南山路康乐新村一期东区，2房1厅出租，,3100.0,70.33,距1号线-塘边501m,康乐新村一期,44.077918384757574
219,人和路小区 60平 急租房源 阳光充足 开禾小 民立小 有钥,2550.0,60.0,距1号线-镇海路1267m,人和路小区,42.5
220,温馨小两房，江头中心小学旁，清爽干净，急寻有缘人,2400.0,60.0,距1号线-吕厝977m,江浦南里,40.0
221,莲花公园旁，电梯三房，信和中央广场，精装欧式风格，小区有车位,9900.0,127.06,距1号线-吕厝152m,信和中央广场,77.91594522272942
222,莲坂绝美！市景一房高层大飘窗明发磐基新景,1650.0,38.0,距1号线-莲坂360m,新景数码港,43.421052631578945
223,新上真实可见 上个租客住了6年 因小孩DS搬走 可以稳定长租,4000.0,129.0,距1号线-园博苑1146m,万科金域华府(二期),31.007751937984494
224,适合老人居住，低楼层，温馨三房，朝南，成熟社区,4188.0,103.73,距1号线-吕厝1154m,江浦北里,40.37404800925479
225,莲岳里   2房诚意出租可以过来看看,3000.0,68.16,距1号线-莲花路口1246m,莲岳里小区,44.014084507042256
226,SM对面 龙门天下 正规一房一厅 民水民电 随时看房,2500.0,56.82,距1号线-乌石浦154m,龙门天下,43.99859204505456
227,软三！杏林湾旁 地铁口 莲花国际 精装一室一厅 独立厨卫,1600.0,47.84,距1号线-诚毅广场658m,莲花国际(商住楼),33.4448160535117
228,禹洲中央海岸三房两卫自住房出租 周边配套全 看房方便价格能谈,3900.0,110.89,距1号线-园博苑1349m,禹洲中央海岸(三期),35.16998827667057
229,新出莲花地铁口信和中央广场精装1房1厅带衣帽间出租。随时看房,3580.0,51.41,距1号线-吕厝152m,信和中央广场,69.63625753744408
230,中山路步行街旁电梯直达三房带阳台 思北小学群惠小学文安小学,8000.0,104.0,距1号线-镇海路473m,达意商业城公寓,76.92307692307692
231,杏林桥头  万科里楼上  复式空房 楼下商场近地铁 进岛方便,2300.0,41.59,距1号线-园博苑1248m,万科里,55.3017552296225
232,万科四房精装修带电梯 南北通透 家具齐全 拎包入住 紧邻地铁,4000.0,126.81,距1号线-园博苑1146m,万科金域华府(二期),31.543253686617774
233,禾祥东 电梯两房 出租， 地铁一号线 BRT 公交站 精装修,3000.0,48.03,距1号线-文灶88m,英才商厦,62.46096189881324
234,罗滨森一期精装两房一厅两卫，房子很有性价比，很漂亮,5000.0,80.32,距1号线-湖滨东路728m,罗宾森璀璨新城(一期),62.25099601593626
235,中航城A区  业主自住装修复试四房  品质家具家电 看湖景,4500.0,116.15,距1号线-杏林村395m,中航城国际社区(A区B02地块公寓),38.74300473525613
236,整租|(好房推荐)温馨居家推荐家电齐全 拎包入住 随时可看,1500.0,20.0,距1号线-镇海路1614m,建发宿舍,75.0
237,杏锦路地铁口楼上，边套大四房双阳台，高层风景优美，直达软三,5000.0,150.8,距1号线-杏锦路344m,住宅水晶地铁公元,33.15649867374005
238,中海寰宇天下精装两房带大露台房子保养干净整洁第一次出租采光好,3000.0,83.0,距1号线-园博苑1473m,中海寰宇天下(公寓住宅),36.144578313253014
239,观远里三房出租，莲花中学旁，莲花公园旁，吕厝地铁口，停车方便,3688.0,95.0,距1号线-吕厝711m,观远里小区,38.82105263157895
240,软三！杏林湾旁 地铁口 莲花国际 精装一室一厅带阳台,1600.0,92.33,距1号线-诚毅广场658m,莲花国际(商住楼),17.329145456514677
241,明发旁 莲坂地铁口 城立方精装修2房3卫 朝南采光好,4700.0,120.0,距1号线-莲坂511m,城立方,39.166666666666664
242,万象城隔壁 禾祥东路源昌广场3房2厅 拎包入住,3999.0,79.23,距1号线-湖滨东路583m,源昌广场,50.473305566073456
243,龙昌里精致三房出租楼层佳,4000.0,99.1,距1号线-吕厝1556m,龙昌里居住区,40.363269424823415
244,乌石浦地铁口天宝大厦正规2房民水民电精装全套随时看房拎包入住,3450.0,75.0,距1号线-乌石浦422m,天宝大厦,46.0
245,乌石浦地铁口天宝大厦正规2房民水民电精装全套随时看房拎包入住,3450.0,75.0,距1号线-乌石浦422m,天宝大厦,46.0
246,高铁阳光花园 2室2厅11卫,2400.0,90.56,距1号线-天水路673m,高铁阳光花园,26.501766784452297
247,美湖路湖滨小学百脑汇旁正规1房1厅,2100.0,45.0,距1号线-文灶1575m,美湖路17-19号小区,46.666666666666664
248,火车站 天璟旁 银河大厦 电梯 三房,4600.0,97.83,距1号线-莲坂835m,银河大厦,47.02034140856588
249,海峡国际天璟 三房两卫 高档小区 轻奢 南北通透带泳池,6700.0,128.44,距1号线-莲坂877m,海峡国际天璟,52.16443475552787
250,莲坂明发绝美法式中古风一房～楼下就是地铁口，交通嘎嘎方便,3200.0,50.81,距1号线-莲坂25m,厦门国际文化大厦,62.97972839992127
251,软三！杏林湾旁 地铁口 中粮云玺壹号 精装三房两卫 一线湖景,4200.0,97.0,距1号线-官任70m,中粮云玺壹号(二期),43.29896907216495
252,露台，大露台，一号线地铁口，精装三房，拎包入住,7500.0,160.0,距1号线-莲花路口202m,百合花园,46.875
253,中交国贸鹭原 带车位空房 可大谈 小区整洁 安静 楼下商场,4200.0,94.67,距1号线-杏锦路126m,中交国贸鹭原,44.364635048061686
254,火车站 元利花园 南北通透 可用,7900.0,177.42,距1号线-莲坂773m,元利花园(东区),44.527110810506144
255,台湾街天湖广场对面华永天地精装修一房一厅全套包物业,2180.0,40.0,距1号线-吕厝787m,华永天地,54.5
256,禹州世贸两房一厅两卫，房子非常漂亮，还有性价比,4500.0,89.77,距1号线-湖滨东路800m,禹洲世贸国际,50.12810515762504
257,殿前地铁站1号口单间出租 可短租,800.0,18.0,距1号线-殿前1024m,殿前社自建房,44.44444444444444
258,集美杏林桥头中海寰宇天下4房,3600.0,126.41,距1号线-园博苑1473m,中海寰宇天下(公寓住宅),28.478759591804447
259,中航城A区，地铁口，业主自住家具家电，南北朝向，看湖景,4400.0,144.42,距1号线-杏锦路500m,中航城国际社区(A区A01地块),30.466694363661546
260,金榜小学旁 东坪花园一期 朝南 正规两房  两面采光,4300.0,82.0,距1号线-莲坂1417m,东坪花园(一期),52.4390243902439
261,整租|(好房推荐)温馨居家推荐家电齐全 拎包入住 随时可看,1500.0,20.0,距1号线-镇海路1614m,建发宿舍,75.0
262,精装大单间可做饭厦门火车站BRT路口拎包入住随时看房,2900.0,55.22,距1号线-文灶308m,九龙城,52.517203911626225
263,软三！杏林湾旁 地铁口 莲花国际 精装一室一厅带阳台,1888.0,46.52,距1号线-诚毅广场658m,莲花国际(商住楼),40.58469475494411
264,长乐邨3期 3室1厅1卫  精装修75平米,2800.0,75.35,距1号线-殿前1875m,长乐邨3期,37.159920371599206
265,中航城c区大横厅两房 民水民电  靠软三杏林湾 有钥匙,2600.0,64.97,距1号线-官任1227m,中航城国际社区(C区北区),40.01847006310605
266,岛内1号线地铁口 殿前精装修大单间配齐出租押一付一可短租,800.0,30.0,距1号线-殿前1024m,殿前社自建房,26.666666666666668
267,火炬园地铁口精装大单间采光好家电齐全拎包入住楼下可停车,1100.0,15.5,距1号线-火炬园290m,马垅社,70.96774193548387
268,联发欣悦园 拎包入住 精装修 3室2厅1卫 电梯房,3600.0,86.81,距1号线-塘边1678m,联发欣悦园,41.469876742310795
269,莲坂地铁口，新景世纪城，新景数码港，一房带超大阳台,1700.0,40.0,距1号线-莲坂360m,新景数码港,42.5
270,火炬园地铁站口精装修单间带飘窗采光通风好交通便利家电冰箱齐全,1300.0,15.5,距1号线-火炬园290m,马垅社,83.87096774193549
271,东坪花园一期精装两房一厅一卫，房子非常漂亮，有性价比,4600.0,81.19,距1号线-莲坂1417m,东坪花园(一期),56.657223796033996
272,殿前地铁口大单间采光通风都很好 出行方便快捷家具齐全拎包入住,1300.0,20.0,距1号线-殿前1024m,殿前社自建房,65.0
273,l莲花广场，吕厝地铁口，电梯5房，精装，朝南,6000.0,147.56,距1号线-吕厝270m,莲花广场,40.661425860666846
274,整租|(好房推荐)温馨居家推荐家电齐全 拎包入住 随时可看,1500.0,20.0,距1号线-镇海路1614m,建发宿舍,75.0
275,鹭江海景：3房2卫，153平西南高层。报7500元月。首租,7500.0,153.17,距1号线-镇海路956m,鹭江海景(二期),48.96520206306718
276,近地铁！近大悦城！直面看园博苑！交通便利！环境优美！,4800.0,156.99,距1号线-杏锦路418m,中航城国际社区(A区A02地块),30.575195872348555
277,塘边地铁口附近精装大单间家电齐全拎包入住采光好楼下可停车,1100.0,100.0,距1号线-火炬园383m,塘边社,11.0
278,台湾街，亿星大厦，民水民电一房一厅 朝东南向 高层随时看房,3000.0,59.18,距1号线-乌石浦889m,亿星大厦,50.692801622169654
279,地铁口康乐新村一期精装两房一梯两户南北向看房约随时看房,3000.0,70.27,距1号线-塘边501m,康乐新村一期,42.69247189412267
280,整租|(好房推荐)温馨居家推荐家电齐全 拎包入住 随时可看,1500.0,20.0,距1号线-镇海路1614m,建发宿舍,75.0
281,园博苑旁.一线湖景.复式4房.自住装修.配套齐全.拎包入住,4800.0,151.32,距1号线-杏锦路500m,中航城国际社区(A区A01地块),31.720856463124505
282,莲花中学旁，中间楼层，清爽装修3房，全明采光好,3700.0,101.0,距1号线-吕厝711m,观远里小区,36.633663366336634
283,精装公寓出租，塘边地铁站附近精装房家电家具齐全拎包入住,1200.0,80.0,距1号线-火炬园383m,塘边社,15.0
284,中山路电梯小区，名汇广场精装一房一带阳台出租,2900.0,51.41,距1号线-镇海路559m,名汇广场,56.40925889904688
285,杏锦地铁口精装采光复式带阳台，采光通风交通便利拎包入住,1400.0,25.0,距1号线-杏林村452m,杏林村,56.0
286,马垅地铁口 正规南北通透 大两房  看房有钥匙 小区中庭安静,2800.0,75.41,距1号线-火炬园608m,永升新城,37.13035406444769
287,鲁能领秀城出租，全套精装到家具电，直接拎包入住，随时看房,9800.0,160.08,距1号线-文灶1118m,领秀城,61.21939030484757
288,火车站万象城旁，实图实价采光通透，近地铁BRT出行方便!,2700.0,30.0,距1号线-湖滨东路985m,铁道大厦,90.0
289,自家房无中介 龙山文创园区 婚博园 卧龙晓城BRT 民水电,1480.0,200.0,距1号线-吕厝1438m,"龙山南路24-8,9号小区",7.4
290,信息学挍旁梅阳花园大二房，民水民电，另多套二房。,2800.0,78.08,距1号线-乌石浦1032m,梅阳花园,35.86065573770492
291,华荣路火炬园双地铁口 带阳台交通便利 直达sm车站华美空间,1000.0,300.0,距1号线-火炬园703m,华光路12号楼,3.3333333333333335
292,厦门安全感满满的房子来咯独居女生看过来,1100.0,20.0,距1号线-火炬园894m,"马垄路15,411,413,415号楼",55.0
293,杏林桥头近地铁 金域华府自住南北通透4房 一梯一户安静不吵,3800.0,141.59,距1号线-园博苑1504m,万科金域华府(一期),26.838053534854154
294,莲花路口绝美简约风一房～朝南可做饭,2000.0,38.0,距1号线-莲花路口188m,东方明珠广场,52.63157894736842
295,火车站万象城旁，实图实价近地铁BRT，采光通透拎包入住！,2600.0,30.0,距1号线-湖滨东路985m,铁道大厦,86.66666666666667
296,文灶地铁口 电梯高层 精装一房一厅 拎包入住,4000.0,55.0,距1号线-文灶189m,文灶地铁社区一期,72.72727272727273
297,富贵楼 一手业主自住出租 南北通透2卫看房有钥匙,3000.0,92.72,距1号线-莲坂540m,荣华楼(思明),32.35547886108714
298,厦大 双子塔对面 恒达大厦电梯高层 精装  全海景 看房方便,2500.0,26.77,距1号线-镇海路1892m,恒达大厦,93.38812103100486
299,祥店 建发中央天成 高层三房 空房 可居家可工作室,4500.0,124.8,距1号线-乌石浦1755m,建发中央天成,36.05769230769231
300,sm 吕厝可住家可半工电梯大2房 花园小区,3300.0,82.94,距1号线-乌石浦841m,嘉盛花园(湖里),39.787798408488065
301,火车站brt地铁口  华星大厦 电梯精装两房一厅 民水民电,3000.0,71.0,距1号线-湖滨东路553m,华星大厦,42.25352112676056
302,水晶地铁小区精装3房.二次装修.配套齐全.楼下直通地铁,3800.0,102.91,距1号线-杏锦路344m,住宅水晶地铁公元,36.92546885628219
303,地铁口！楼下就是大悦城！出门就是九天湖~全屋智能高层看湖可刀,3988.0,89.28,距1号线-官任433m,中粮云玺壹号,44.668458781362006
304,好房实拍！滨北 体育中心旁 电梯大三房 临地铁口 家具齐全,5300.0,128.0,距1号线-莲花路口1328m,育秀中心,41.40625
305,集美地铁口 厦门北站旁 大学城附近 万科大都荟公寓 押一付一,1200.0,37.22,距1号线-厦门北站982m,万科广场(商住楼),32.2407307898979
306,莲坂磐基丨新景世纪城丨新景数码港丨正规大一房丨可押一付一,1500.0,40.0,距1号线-莲坂360m,新景数码港,37.5
307,整租 文灶地铁口 电梯高层 带大阳台朝南,4000.0,50.0,距1号线-文灶189m,文灶地铁社区一期,80.0
308,（新出！居家2房！）中山医院旁！阳光足！安静！拎包！,2500.0,65.32,距1号线-文灶698m,湖滨南路168号小区,38.27311696264544
309,殿前地铁口大单间采光通风都很好 出行方便快捷家具齐全拎包入住,1100.0,20.0,距1号线-殿前1024m,殿前社自建房,55.0
310,明厨明卫，家具家电齐全拎包入住，,2900.0,53.76,距1号线-莲花路口871m,槟榔东里(单号区),53.94345238095238
311,近1号线 天宝大厦正规一房一厅 采光通风好,2600.0,48.38,距1号线-乌石浦422m,天宝大厦,53.741215378255475
312,SM乌石浦地铁口，精装修大2房，清爽干净，急租,3900.0,90.0,距1号线-乌石浦278m,江头花园,43.333333333333336
313,裕兴大厦，带阳台有厨房！S.M乌石浦吕厝双地铁！有锁多.套,2000.0,40.0,距1号线-乌石浦308m,裕兴大厦,50.0
314,殿前地铁口，出门就是地铁站，带独立阳台，温馨大单间,1380.0,28.0,距1号线-殿前1024m,殿前社自建房,49.285714285714285
315,湖里万达鹭港旁悦馨庄园朝南一房一厅出租2000元,2000.0,48.0,距1号线-殿前1868m,高殿寨上综合楼,41.666666666666664
316,地铁口小区房采光非常好带阳台可以养宠物,2380.0,51.04,距1号线-乌石浦188m,湖北大厦,46.63009404388715
317,台湾街 sm地铁口 精装修两房 电梯 便宜出租,2800.0,75.0,距1号线-乌石浦841m,嘉盛花园(湖里),37.333333333333336
318,地铁0距离，杏锦路地铁楼上2加1房，二次装修，高层看海景,3900.0,87.46,距1号线-杏锦路344m,住宅水晶地铁公元,44.59181340041162
319,双地铁口 大唐社区  自住精装2房2厅 有天然气 靠山安静,4000.0,85.0,距1号线-塘边954m,雪梨星光(三期),47.05882352941177
320,一线海景 带车位 景观非常好！楼下公园地铁口 大四房 楼层好,6300.0,129.18,距1号线-园博苑369m,天境云著,48.769159312587085
321,莲坂超美！纯欲奶油风价格真实可看！明发磐基,2000.0,38.0,距1号线-莲坂360m,新景数码港,52.63157894736842
322,吕厝地铁口 福隆国际 4房3卫 空间大 随时入住,6800.0,172.91,距1号线-吕厝83m,福隆国际,39.32681741946678
323,火车站1300-2000多套户型出租 近brt 地铁 伶包住,1900.0,30.0,距1号线-湖滨东路985m,铁道大厦,63.333333333333336
324,江头新景七星府邸电梯5房 精装修 家具家电齐全 随时看房,8500.0,171.08,距1号线-吕厝1810m,新景七星府邸,49.68435819499649
325,集美大学莲花住宅小区，精装三房。,3300.0,90.0,距1号线-集美学村1377m,集美大学莲花池住宅小区,36.666666666666664
326,真实可看，文灶嘉禾粮库旁，电梯居家两房，满意可谈,3900.0,80.0,距1号线-文灶432m,鑫河国际大厦,48.75
327,云鼎KTV旁电梯正规大两房90平，离地铁1号线2号线很近。,3800.0,92.0,距1号线-塘边786m,合兴小区,41.30434782608695
328,明发 火车站 地铁口 精装修2房朝南 采光好,4300.0,99.0,距1号线-莲坂1931m,东坪安置房小区(一组团),43.43434343434343
329,集美地铁口 厦门北站旁 大学城附近 万科大都荟公寓 押一付一,1400.0,37.21,距1号线-厦门北站982m,万科广场(商住楼),37.62429454447729
330,火车站莲坂 京华大厦 电梯独门超大公寓带阳台,2300.0,50.0,距1号线-莲坂593m,京华大厦,46.0
331,江头台湾街华永天地精装朝南二房一厅一卫包物业全套拎包入住,2280.0,40.0,距1号线-吕厝787m,华永天地,57.0
332,吕厝地铁口 福隆国际 精装4加1房 精装修 南北通透 高层,7000.0,160.6,距1号线-吕厝83m,福隆国际,43.586550435865504
333,火炬园品牌公寓全屋小米智能家电带地下停车位,1550.0,48.0,距1号线-火炬园1045m,火炬北路36号楼,32.291666666666664
334,火车站 明发 地铁口 精装修一房一厅 朝南采光好,3300.0,65.0,距1号线-莲坂1931m,东坪安置房小区(一组团),50.76923076923077
335,Sm商圈 乌石浦地铁口 兴山花园 精装正规一房 密码锁,2300.0,40.0,距1号线-乌石浦744m,兴山花园,57.5
336,乌石浦花园一期精装一房一厅落地窗直达Sm火车站万象城明发,3800.0,60.0,距1号线-乌石浦518m,乌石浦花园(一期),63.333333333333336
337,嘉园路 芙蓉苑 83平  2房2厅2阳台  南北 中庭,3000.0,83.14,距1号线-殿前1117m,芙蓉苑,36.0837142169834
338,文灶地铁口 次新小区 边套大三房 南北通透拎包入住,7600.0,120.0,距1号线-文灶189m,文灶地铁社区一期,63.333333333333336
339,软三！杏林湾旁 地铁口 中粮云玺壹号 精装三房两卫 拎包入住,4200.0,89.0,距1号线-官任433m,中粮云玺壹号,47.19101123595506
340,火炬园性价比超高一房一厅快看,1400.0,40.0,距1号线-火炬园543m,后浦社1-181号自建房,35.0
341,明发旁 莲坂地铁口  城立方 精装修2房3卫 朝南采光好,4600.0,130.0,距1号线-莲坂511m,城立方,35.38461538461539
342,杏林桥头近地铁 金域华府 通透4房出租  一梯一户 安静不吵,3600.0,141.58,距1号线-园博苑1504m,万科金域华府(一期),25.42732024297217
343,殿前地铁口精装大单间无遮挡地铁直达中山路火车站押一付一,1100.0,25.0,距1号线-殿前1024m,殿前社自建房,44.0
344,建发中央天成 高层大4房 6800包物业费,6800.0,159.83,距1号线-乌石浦1755m,建发中央天成,42.545204279547015
345,中交国贸鹭原 轻奢风带车位 可大谈 小区整洁 安静 楼下商场,4200.0,93.34,距1号线-杏锦路126m,中交国贸鹭原,44.99678594386115
346,Sm商圈 乌石浦地铁口 兴山花园 正规两房 高层 花园小区,3400.0,70.0,距1号线-乌石浦744m,兴山花园,48.57142857142857
347,湖滨中学绝美轻奢黑白风84平三房。外国语。万象城,5800.0,84.0,距1号线-湖滨东路690m,湖滨二里一区,69.04761904761905
348,火炬园一房一厅带阳台近地铁公交直达SM万象城明发火车站,1500.0,40.0,距1号线-殿前1031m,马垄三路128-156号小区,37.5
349,百脑汇，禹州广场，斗西，正规一房，押一付一，可做饭，多套出租,2100.0,30.0,距1号线-文灶1529m,美湖路43号楼,70.0
